"metric_name","Description","frequency","freq_label","n_coverages","coverages","temporal_agg","temporal_reason","coverage_agg","coverage_reason"
"Patients in A&E","Current total number of patients in minors, majors, (all A&E) those who do not have an Accident and Emergency departure time recorded.",15,"Every 15 minutes",4,"BRI, BRI (Children's), WGH, NBT","mean","Point-in-time snapshot; daily mean captures average load throughout the day.","sum","Count or volume metric; summing across sites gives the system-wide total."
"4hr Breach Performance","Live 4 hour breach performance today since midnight, this will not have been subject to daily validation procedures usually undertaken the following day. Likely that this performance will be below the validated position.",15,"Every 15 minutes",4,"BRI, BRI (Children's), WGH, NBT","mean","Rate or percentage; daily mean reflects average performance over the day.","mean","Rate, average, or percentage; mean across sites approximates the system-wide value (weighted mean preferred if volumes available)."
"Total Breaches Since Midnight","This relates to the 4 hour breach performance and is the number of 4 hour breaches since midnight so far today.",15,"Every 15 minutes",4,"BRI, BRI (Children's), WGH, NBT","max","Cumulative counter resetting at midnight; the last (max) value of the day equals the daily total.","sum","Count or volume metric; summing across sites gives the system-wide total."
"No. of DTAs","Total number of DTAs currently in the A&E. A PATIENT temporarily accommodated in A&E or elsewhere for whom a DECISION TO ADMIT has been made.",15,"Every 15 minutes",4,"BRI, BRI (Children's), WGH, NBT","mean","Point-in-time snapshot; daily mean captures average load throughout the day.","sum","Count or volume metric; summing across sites gives the system-wide total."
"Average Time to Triage",NA,15,"Every 15 minutes",4,"BRI, BRI (Children's), WGH, NBT","mean","Time or average metric; daily mean represents typical performance across the day.","mean","Rate, average, or percentage; mean across sites approximates the system-wide value (weighted mean preferred if volumes available)."
"Average Time to Assessment",NA,15,"Every 15 minutes",4,"BRI, BRI (Children's), WGH, NBT","mean","Time or average metric; daily mean represents typical performance across the day.","mean","Rate, average, or percentage; mean across sites approximates the system-wide value (weighted mean preferred if volumes available)."
"New Arrivals in Last Hour","Count of patients within the last hour, who have an arrived at Accident and Emergency Department where the time the PATIENT: •self presented at the Accident and Emergency Department or •arrived in an Ambulance at the Accident and Emergency Department.",15,"Every 15 minutes",4,"BRI, BRI (Children's), WGH, NBT","sum","Flow count over a rolling window; summing intervals gives the daily total.","sum","Count or volume metric; summing across sites gives the system-wide total."
"Resuscitation Capacity","The number of allocated resuscitation bays not occupied",15,"Every 15 minutes",4,"BRI, BRI (Children's), WGH, NBT","mean","Point-in-time snapshot; daily mean captures average load throughout the day.","sum","Count or volume metric; summing across sites gives the system-wide total."
"A&E Discharges in Last Hour","Within the last hour, count of how many patients have an Accident and Emergency Departure Time. Where a  PATIENT leaves an Accident and Emergency Department after an Accident and Emergency Attendance has concluded.",15,"Every 15 minutes",4,"BRI, BRI (Children's), WGH, NBT","sum","Flow count over a rolling window; summing intervals gives the daily total.","sum","Count or volume metric; summing across sites gives the system-wide total."
"Minors patient count",NA,15,"Every 15 minutes",4,"BRI (Children's), NBT, BRI, WGH","mean","Point-in-time snapshot; daily mean captures average load throughout the day.","sum","Count or volume metric; summing across sites gives the system-wide total."
"Cohorting & Reverse Queue",NA,15,"Every 15 minutes",3,"BRI, NBT, WGH","mean","Point-in-time snapshot; daily mean captures average load throughout the day.","sum","Count or volume metric; summing across sites gives the system-wide total."
"No. of DTAs (> 8hrs)","A count of patients who have a DECISION TO ADMIT time equal or greater to 8 hours.",15,"Every 15 minutes",4,"NBT, WGH, BRI, BRI (Children's)","mean","Point-in-time snapshot; daily mean captures average load throughout the day.","sum","Count or volume metric; summing across sites gives the system-wide total."
"Majors patient count",NA,15,"Every 15 minutes",4,"NBT, BRI (Children's), WGH, BRI","mean","Point-in-time snapshot; daily mean captures average load throughout the day.","sum","Count or volume metric; summing across sites gives the system-wide total."
"Ambulance Queue","Patients onsite and awaiting ambulance offload to acute care",15,"Every 15 minutes",3,"NBT, BRI, WGH","mean","Point-in-time snapshot; daily mean captures average load throughout the day.","sum","Count or volume metric; summing across sites gives the system-wide total."
"DtA Community P2 Bed Occupied",NA,1440,"Every day at 11h00",1,"Sirona","none","Already at daily granularity; no temporal aggregation needed.","none","Single coverage area; no cross-site aggregation needed."
"DtA P1 BOOKED AND UN-BOOKED Waiting for capacity, medically fit and NOT in an acute",NA,1440,"Every day at 11h00",1,"Sirona","none","Already at daily granularity; no temporal aggregation needed.","none","Single coverage area; no cross-site aggregation needed."
"DtA P1 BOOKED AND UN-BOOKED Waiting for capacity, medically fit and ready to leave ACUTE",NA,1440,"Every day at 11h00",1,"Sirona","none","Already at daily granularity; no temporal aggregation needed.","none","Single coverage area; no cross-site aggregation needed."
"DtA P1 BOOKED Waiting for capacity, medically fit and NOT in an acute",NA,1440,"Every day at 11h00",1,"Sirona","none","Already at daily granularity; no temporal aggregation needed.","none","Single coverage area; no cross-site aggregation needed."
"DtA P1 BOOKED Waiting for capacity, medically fit and ready to leave ACUTE",NA,1440,"Every day at 11h00",1,"Sirona","none","Already at daily granularity; no temporal aggregation needed.","none","Single coverage area; no cross-site aggregation needed."
"DtA P1 Referrals Received",NA,1440,"Every day at 11h00",1,"Sirona","none","Already at daily granularity; no temporal aggregation needed.","none","Single coverage area; no cross-site aggregation needed."
"DtA P1 slots booked",NA,1440,"Every day at 11h00",1,"Sirona","none","Already at daily granularity; no temporal aggregation needed.","none","Single coverage area; no cross-site aggregation needed."
"DtA P2 Beds Occupied",NA,1440,"Every day at 11h00",1,"Sirona","none","Already at daily granularity; no temporal aggregation needed.","none","Single coverage area; no cross-site aggregation needed."
"DtA P2 BOOKED Waiting for capacity, medically fit and ready to leave ACUTE",NA,1440,"Every day at 11h00",1,"Sirona","none","Already at daily granularity; no temporal aggregation needed.","none","Single coverage area; no cross-site aggregation needed."
"DtA P2 Referrals Received",NA,1440,"Every day at 11h00",1,"Sirona","none","Already at daily granularity; no temporal aggregation needed.","none","Single coverage area; no cross-site aggregation needed."
"DtA P3 BOOKED AND UN-BOOKED Waiting for capacity, medically fit and ready to leave ACUTE",NA,1440,"Every day at 11h00",1,"Sirona","none","Already at daily granularity; no temporal aggregation needed.","none","Single coverage area; no cross-site aggregation needed."
"DtA P3 BOOKED Waiting for capacity, medically fit and ready to leave ACUTE",NA,1440,"Every day at 11h00",1,"Sirona","none","Already at daily granularity; no temporal aggregation needed.","none","Single coverage area; no cross-site aggregation needed."
"DtA SBRU P2 rehabilitation beds occupied",NA,1440,"Every day at 11h00",1,"Sirona","none","Already at daily granularity; no temporal aggregation needed.","none","Single coverage area; no cross-site aggregation needed."
"DtA SBRU P2 stroke beds occupied",NA,1440,"Every day at 11h00",1,"Sirona","none","Already at daily granularity; no temporal aggregation needed.","none","Single coverage area; no cross-site aggregation needed."
"No of referrals received for DtA P3",NA,1440,"Every day at 11h00",1,"Sirona","none","Already at daily granularity; no temporal aggregation needed.","none","Single coverage area; no cross-site aggregation needed."
"Patients Admitted to DtA P2 - YESTERDAY'S DATA",NA,1440,"Every day at 11h00",1,"Sirona","none","Already at daily granularity; no temporal aggregation needed.","none","Single coverage area; no cross-site aggregation needed."
"Patients Admitted to DtA P3 - YESTERDAY'S DATA",NA,1440,"Every day at 11h00",1,"Sirona","none","Already at daily granularity; no temporal aggregation needed.","none","Single coverage area; no cross-site aggregation needed."
"DtA P2 referrals received",NA,1440,"Every day at 11h00",1,"Sirona","none","Already at daily granularity; no temporal aggregation needed.","none","Single coverage area; no cross-site aggregation needed."
"DtA P2 TOTAL BOOKED AND UN-BOOKED Waiting for capacity, medically fit and ready to leave ACUTE",NA,1440,"Every day at 11h00",1,"Sirona","none","Already at daily granularity; no temporal aggregation needed.","none","Single coverage area; no cross-site aggregation needed."
"Sirona BNSSG % Staffing Reduction",NA,1440,"Every day at 11h00",1,"Sirona","none","Already at daily granularity; no temporal aggregation needed.","none","Single coverage area; no cross-site aggregation needed."
"Sirona ICE Bristol Locality % Staffing Reduction",NA,1440,"Every day at 11h00",1,"Sirona","none","Already at daily granularity; no temporal aggregation needed.","none","Single coverage area; no cross-site aggregation needed."
"Sirona N&W Bristol Locality % Staffing Reduction",NA,1440,"Every day at 11h00",1,"Sirona","none","Already at daily granularity; no temporal aggregation needed.","none","Single coverage area; no cross-site aggregation needed."
"Sirona SASS % Staffing Reduction",NA,1440,"Every day at 11h00",1,"Sirona","none","Already at daily granularity; no temporal aggregation needed.","none","Single coverage area; no cross-site aggregation needed."
"Sirona South Bristol Locality % Staffing Reduction",NA,1440,"Every day at 11h00",1,"Sirona","none","Already at daily granularity; no temporal aggregation needed.","none","Single coverage area; no cross-site aggregation needed."
"Sirona South Glos Locality % Staffing Reduction",NA,1440,"Every day at 11h00",1,"Sirona","none","Already at daily granularity; no temporal aggregation needed.","none","Single coverage area; no cross-site aggregation needed."
"Sirona Weston & Worle Locality % Staffing Reduction",NA,1440,"Every day at 11h00",1,"Sirona","none","Already at daily granularity; no temporal aggregation needed.","none","Single coverage area; no cross-site aggregation needed."
"Sirona Woodspring Locality % Staffing Reduction",NA,1440,"Every day at 11h00",1,"Sirona","none","Already at daily granularity; no temporal aggregation needed.","none","Single coverage area; no cross-site aggregation needed."
"Closed TOC Docs to all pathways",NA,1440,"Every day at 11h00",1,"Sirona","none","Already at daily granularity; no temporal aggregation needed.","none","Single coverage area; no cross-site aggregation needed."
"DtA P3 beds occupied",NA,1440,"Every day at 11h00",1,"Sirona","none","Already at daily granularity; no temporal aggregation needed.","none","Single coverage area; no cross-site aggregation needed."
"DtA P1 TOTAL (BOOKED AND UNBOOKED) Waiting for capacity and medically fit, and in any setting (acute and non-acute)",NA,1440,"Every day at 11h00",1,"Sirona","none","Already at daily granularity; no temporal aggregation needed.","none","Single coverage area; no cross-site aggregation needed."
"DtA P1 UNBOOKED Waiting for capacity, medically fit and NOT in an acute",NA,1440,"Every day at 11h00",1,"Sirona","none","Already at daily granularity; no temporal aggregation needed.","none","Single coverage area; no cross-site aggregation needed."
"DtA P3 TOTAL (BOOKED AND UNBOOKED) Waiting for capacity and medically fit and in any setting (acute and transitional bed)",NA,1440,"Every day at 11h00",1,"Sirona","none","Already at daily granularity; no temporal aggregation needed.","none","Single coverage area; no cross-site aggregation needed."
"DtA P3 UNBOOKED Waiting for capacity, medically fit and ready to leave acute",NA,1440,"Every day at 11h00",1,"Sirona","none","Already at daily granularity; no temporal aggregation needed.","none","Single coverage area; no cross-site aggregation needed."
"DtA P1 UNBOOKED Waiting for capacity, medically fit and ready to leave acute",NA,1440,"Every day at 11h00",1,"Sirona","none","Already at daily granularity; no temporal aggregation needed.","none","Single coverage area; no cross-site aggregation needed."
"DtA P2 UNBOOKED Waiting for capacity, medically fit and ready to leave acute",NA,1440,"Every day at 11h00",1,"Sirona","none","Already at daily granularity; no temporal aggregation needed.","none","Single coverage area; no cross-site aggregation needed."
"(Severnside) HCP Calls Answered",NA,1440,"Every day at 11h00",1,"SevernSide","none","Already at daily granularity; no temporal aggregation needed.","none","Single coverage area; no cross-site aggregation needed."
"Number of critical care beds available at 8am (today)",NA,1440,"Every day at 11h00",1,"BRI","none","Already at daily granularity; no temporal aggregation needed.","none","Single coverage area; no cross-site aggregation needed."
"Number of empty beds on assessment units 8am (today)",NA,1440,"Every day at 11h00",1,"BRI","none","Already at daily granularity; no temporal aggregation needed.","none","Single coverage area; no cross-site aggregation needed."
"Number of GP expected diverts to ED",NA,1440,"Every day at 11h00",1,"BRI","none","Already at daily granularity; no temporal aggregation needed.","none","Single coverage area; no cross-site aggregation needed."
"Number of Medical Outliers",NA,1440,"Every day at 11h00",1,"BRI","none","Already at daily granularity; no temporal aggregation needed.","none","Single coverage area; no cross-site aggregation needed."
"Number of empty beds on assessment units 8am (today) - Medicine",NA,1440,"Every day at 11h00",1,"BRI","none","Already at daily granularity; no temporal aggregation needed.","none","Single coverage area; no cross-site aggregation needed."
"Number of empty beds on assessment units 8am (today) - Surgery",NA,1440,"Every day at 11h00",1,"BRI","none","Already at daily granularity; no temporal aggregation needed.","none","Single coverage area; no cross-site aggregation needed."
"Deficit of Discharges at 1100 - With Definite Discharges Known",NA,1440,"Every day at 11h00",1,"BRI","none","Already at daily granularity; no temporal aggregation needed.","none","Single coverage area; no cross-site aggregation needed."
"Deficit of Discharges at 1100 - With Definite and Potential Discharges Identified",NA,1440,"Every day at 11h00",1,"BRI","none","Already at daily granularity; no temporal aggregation needed.","none","Single coverage area; no cross-site aggregation needed."
"Number of Surgical Outliers",NA,1440,"Every day at 11h00",1,"BRI","none","Already at daily granularity; no temporal aggregation needed.","none","Single coverage area; no cross-site aggregation needed."
"Number of Cardiac Outliers",NA,1440,"Every day at 11h00",1,"BRI","none","Already at daily granularity; no temporal aggregation needed.","none","Single coverage area; no cross-site aggregation needed."
"Resuscitation Capacity at 1000",NA,1440,"Every day at 11h00",1,"BRI","none","Already at daily granularity; no temporal aggregation needed.","none","Single coverage area; no cross-site aggregation needed."
"Number of Outliers (excluding paediatrics) at 1000",NA,1440,"Every day at 11h00",1,"BRI","none","Already at daily granularity; no temporal aggregation needed.","none","Single coverage area; no cross-site aggregation needed."
"(SWASFT) Number of HCP Incidents",NA,1440,"Every day at 11h00",1,"SWASFT","none","Already at daily granularity; no temporal aggregation needed.","none","Single coverage area; no cross-site aggregation needed."
"(SWASFT) Number of NHS 111 Incidents",NA,1440,"Every day at 11h00",1,"SWASFT","none","Already at daily granularity; no temporal aggregation needed.","none","Single coverage area; no cross-site aggregation needed."
"(Severnside) Calls Received",NA,1440,"Every day at 11h00",1,"SevernSide","none","Already at daily granularity; no temporal aggregation needed.","none","Single coverage area; no cross-site aggregation needed."
"(Severnside) Calls Answered",NA,1440,"Every day at 11h00",1,"SevernSide","none","Already at daily granularity; no temporal aggregation needed.","none","Single coverage area; no cross-site aggregation needed."
"(Severnside) Calls Answered Within 60 Seconds",NA,1440,"Every day at 11h00",1,"SevernSide","none","Already at daily granularity; no temporal aggregation needed.","none","Single coverage area; no cross-site aggregation needed."
"(Severnside) Calls Triaged",NA,1440,"Every day at 11h00",1,"SevernSide","none","Already at daily granularity; no temporal aggregation needed.","none","Single coverage area; no cross-site aggregation needed."
"(Severnside) Referred to 999 - C1 Ambulances",NA,1440,"Every day at 11h00",1,"SevernSide","none","Already at daily granularity; no temporal aggregation needed.","none","Single coverage area; no cross-site aggregation needed."
"(Severnside) Referred to 999 - C2 Ambulances",NA,1440,"Every day at 11h00",1,"SevernSide","none","Already at daily granularity; no temporal aggregation needed.","none","Single coverage area; no cross-site aggregation needed."
"(Severnside) Referred to 999 - C3 Ambulances",NA,1440,"Every day at 11h00",1,"SevernSide","none","Already at daily granularity; no temporal aggregation needed.","none","Single coverage area; no cross-site aggregation needed."
"(Severnside) Referred to 999 - C4 Ambulances",NA,1440,"Every day at 11h00",1,"SevernSide","none","Already at daily granularity; no temporal aggregation needed.","none","Single coverage area; no cross-site aggregation needed."
"(Severnside) Referred to ED",NA,1440,"Every day at 11h00",1,"SevernSide","none","Already at daily granularity; no temporal aggregation needed.","none","Single coverage area; no cross-site aggregation needed."
"Number of Discharges",NA,1440,"Every day at 11h00",3,"WGH, NBT, BRI","none","Already at daily granularity; no temporal aggregation needed.","sum","Count or volume metric; summing across sites gives the system-wide total."
"Number of Admissions",NA,1440,"Every day at 11h00",3,"WGH, NBT, BRI","none","Already at daily granularity; no temporal aggregation needed.","sum","Count or volume metric; summing across sites gives the system-wide total."
"Escalation beds open",NA,1440,"Every day at 11h00",3,"WGH, NBT, BRI","none","Already at daily granularity; no temporal aggregation needed.","max","Escalation score; system-wide pressure is defined by the most stressed site."
"G&A Bed occupancy",NA,1440,"Every day at 11h00",3,"WGH, NBT, BRI","none","Already at daily granularity; no temporal aggregation needed.","mean","Rate, average, or percentage; mean across sites approximates the system-wide value (weighted mean preferred if volumes available)."
"Critical Care beds - Adult critical care beds occupied",NA,1440,"Every day at 11h00",2,"WGH, BRI","none","Already at daily granularity; no temporal aggregation needed.","sum","Count or volume metric; summing across sites gives the system-wide total."
"A&E attends - paediatrics",NA,1440,"Every day at 11h00",2,"NBT, BRI","none","Already at daily granularity; no temporal aggregation needed.","sum","Count or volume metric; summing across sites gives the system-wide total."
"G&A beds, core stock open",NA,1440,"Every day at 11h00",1,"NBT","none","Already at daily granularity; no temporal aggregation needed.","none","Single coverage area; no cross-site aggregation needed."
"Beds occupied by long-stay patients (21+ days)",NA,1440,"Every day at 11h00",2,"NBT, BRI","none","Already at daily granularity; no temporal aggregation needed.","sum","Count or volume metric; summing across sites gives the system-wide total."
"Adult critical care beds occupied",NA,1440,"Every day at 11h00",1,"NBT","none","Already at daily granularity; no temporal aggregation needed.","none","Single coverage area; no cross-site aggregation needed."
"Critical Care beds - Paediatric intensive care beds occupied",NA,1440,"Every day at 11h00",1,"BRI","none","Already at daily granularity; no temporal aggregation needed.","none","Single coverage area; no cross-site aggregation needed."
"Critical Care beds - Neonatal intensive care cots occupied",NA,1440,"Every day at 11h00",1,"BRI","none","Already at daily granularity; no temporal aggregation needed.","none","Single coverage area; no cross-site aggregation needed."
"Of neonatal critical care beds occupied, how many are level 3?",NA,1440,"Every day at 11h00",1,"NBT","none","Already at daily granularity; no temporal aggregation needed.","none","Single coverage area; no cross-site aggregation needed."
"Ambulance Handovers 15mins (Last Hour)",NA,15,"Every 15 minutes",4,"BRI, BRI (Children's), WGH, NBT","sum","Flow count over a rolling window; summing intervals gives the daily total.","sum","Count or volume metric; summing across sites gives the system-wide total."
"Ambulance Handovers 30 mins (Last Hour)",NA,15,"Every 15 minutes",4,"BRI, BRI (Children's), WGH, NBT","sum","Flow count over a rolling window; summing intervals gives the daily total.","sum","Count or volume metric; summing across sites gives the system-wide total."
"Ambulance Handovers 60 mins (Last Hour)",NA,15,"Every 15 minutes",4,"BRI, BRI (Children's), WGH, NBT","sum","Flow count over a rolling window; summing intervals gives the daily total.","sum","Count or volume metric; summing across sites gives the system-wide total."
"Ambulance Handovers 15mins (Since Midnight)",NA,15,"Every 15 minutes",4,"BRI, BRI (Children's), WGH, NBT","max","Cumulative counter resetting at midnight; the last (max) value of the day equals the daily total.","sum","Count or volume metric; summing across sites gives the system-wide total."
"Ambulance Handovers 30mins (Since Midnight)",NA,15,"Every 15 minutes",4,"BRI, BRI (Children's), WGH, NBT","max","Cumulative counter resetting at midnight; the last (max) value of the day equals the daily total.","sum","Count or volume metric; summing across sites gives the system-wide total."
"Ambulance Handovers 60mins (Since Midnight)","Ambulance Handovers 60mins (Since Midnight)",15,"Every 15 minutes",4,"BRI, BRI (Children's), WGH, NBT","max","Cumulative counter resetting at midnight; the last (max) value of the day equals the daily total.","sum","Count or volume metric; summing across sites gives the system-wide total."
"Handover to Clear 15mins (Last Hour)",NA,15,"Every 15 minutes",4,"BRI, BRI (Children's), WGH, NBT","sum","Flow count over a rolling window; summing intervals gives the daily total.","sum","Count or volume metric; summing across sites gives the system-wide total."
"Handover to Clear 30mins (Last Hour)",NA,15,"Every 15 minutes",4,"BRI, BRI (Children's), WGH, NBT","sum","Flow count over a rolling window; summing intervals gives the daily total.","sum","Count or volume metric; summing across sites gives the system-wide total."
"Handover to Clear 15mins (Since Midnight)",NA,15,"Every 15 minutes",4,"BRI, BRI (Children's), WGH, NBT","max","Cumulative counter resetting at midnight; the last (max) value of the day equals the daily total.","sum","Count or volume metric; summing across sites gives the system-wide total."
"Handover to Clear 30mins (Since Midnight)",NA,15,"Every 15 minutes",4,"BRI, BRI (Children's), WGH, NBT","max","Cumulative counter resetting at midnight; the last (max) value of the day equals the daily total.","sum","Count or volume metric; summing across sites gives the system-wide total."
"Handover to Clear 60mins (Since Midnight)",NA,15,"Every 15 minutes",4,"BRI, BRI (Children's), WGH, NBT","max","Cumulative counter resetting at midnight; the last (max) value of the day equals the daily total.","sum","Count or volume metric; summing across sites gives the system-wide total."
"Ambulances Conveyed to Hospital (Last Hour)","As per NHSEI sitrep for NACC",15,"Every 15 minutes",4,"BRI, BRI (Children's), WGH, NBT","sum","Flow count over a rolling window; summing intervals gives the daily total.","sum","Count or volume metric; summing across sites gives the system-wide total."
"Ambulances Conveyed to Hospital (Since Midnight)","Ambulances Conveyed to Hospital (Since Midnight)",15,"Every 15 minutes",4,"BRI, BRI (Children's), WGH, NBT","max","Cumulative counter resetting at midnight; the last (max) value of the day equals the daily total.","sum","Count or volume metric; summing across sites gives the system-wide total."
"Handover Time Lost Since Midnight (hh:mm)","Handover Time Lost Since Midnight (in hh:mm over 15 minutes)",15,"Every 15 minutes",4,"BRI, BRI (Children's), WGH, NBT","max","Cumulative counter resetting at midnight; the last (max) value of the day equals the daily total.","sum","Count or volume metric; summing across sites gives the system-wide total."
"Ambulances En Route to Hospital",NA,15,"Every 15 minutes",5,"BRI, BRI (Children's), WGH, BNSSG, NBT","mean","Point-in-time snapshot; daily mean captures average load throughout the day.","sum","Count or volume metric; summing across sites gives the system-wide total."
"Number of Active Calls on the 999 Call Stack",NA,15,"Every 15 minutes",1,"BNSSG","mean","Point-in-time snapshot; daily mean captures average load throughout the day.","none","Single coverage area; no cross-site aggregation needed."
"Number of Waiting Calls on the 999 Call Stack",NA,15,"Every 15 minutes",1,"BNSSG","mean","Point-in-time snapshot; daily mean captures average load throughout the day.","none","Single coverage area; no cross-site aggregation needed."
"Proportion of Calls Since Midnight that Received a See Convey",NA,15,"Every 15 minutes",1,"BNSSG","max","Cumulative counter resetting at midnight; the last (max) value of the day equals the daily total.","none","Single coverage area; no cross-site aggregation needed."
"Proportion of Calls Since Midnight that Received a See Treat",NA,15,"Every 15 minutes",1,"BNSSG","max","Cumulative counter resetting at midnight; the last (max) value of the day equals the daily total.","none","Single coverage area; no cross-site aggregation needed."
"Proportion of Calls Since Midnight that Received a Hear Treat",NA,15,"Every 15 minutes",1,"BNSSG","max","Cumulative counter resetting at midnight; the last (max) value of the day equals the daily total.","none","Single coverage area; no cross-site aggregation needed."
"Category 1 - BNSSG Mean Response (Since Midnight)",NA,15,"Every 15 minutes",1,"BNSSG","max","Cumulative counter resetting at midnight; the last (max) value of the day equals the daily total.","none","Single coverage area; no cross-site aggregation needed."
"Category 2 - BNSSG Mean Response (Since Midnight)",NA,15,"Every 15 minutes",1,"BNSSG","max","Cumulative counter resetting at midnight; the last (max) value of the day equals the daily total.","none","Single coverage area; no cross-site aggregation needed."
"Category 3 - BNSSG Mean Response (Since Midnight)",NA,15,"Every 15 minutes",1,"BNSSG","max","Cumulative counter resetting at midnight; the last (max) value of the day equals the daily total.","none","Single coverage area; no cross-site aggregation needed."
"Category 1 - BNSSG 90th Response (Last Hour)",NA,15,"Every 15 minutes",1,"BNSSG","max","Cumulative counter resetting at midnight; the last (max) value of the day equals the daily total.","none","Single coverage area; no cross-site aggregation needed."
"Category 2 - BNSSG 90th Response (Last Hour)",NA,15,"Every 15 minutes",1,"BNSSG","max","Cumulative counter resetting at midnight; the last (max) value of the day equals the daily total.","none","Single coverage area; no cross-site aggregation needed."
"Category 3 - BNSSG 90th Response (Last Hour)",NA,15,"Every 15 minutes",1,"BNSSG","max","Cumulative counter resetting at midnight; the last (max) value of the day equals the daily total.","none","Single coverage area; no cross-site aggregation needed."
"OPEL",NA,1440,"Every day at 9h00",12,"BNSSG, Bristol City Council, BRI, WGH, NBT, SevernSide, BNSSG Adult Health Community Services, South Gloucestershire Council, North Somerset Council, BRI (Children's), AWP, SWAST","none","Already at daily granularity; no temporal aggregation needed.","max","Escalation score; system-wide pressure is defined by the most stressed site."
"Ambulances En Route to Hospitals",NA,15,"Every 15 minutes",5,"BNSSG, BRI (Children's), BRI, WGH, NBT","mean","Point-in-time snapshot; daily mean captures average load throughout the day.","sum","Count or volume metric; summing across sites gives the system-wide total."
"Category 4 - BNSSG Mean Response (Since Midnight)",NA,15,"Every 15 minutes",1,"BNSSG","max","Cumulative counter resetting at midnight; the last (max) value of the day equals the daily total.","none","Single coverage area; no cross-site aggregation needed."
"Category 4 - BNSSG 90th Response (Last Hour)",NA,15,"Every 15 minutes",1,"BNSSG","max","Cumulative counter resetting at midnight; the last (max) value of the day equals the daily total.","none","Single coverage area; no cross-site aggregation needed."
"Number of Cases on IUC CAS Queue",NA,300,"Every 5 hours",1,"SevernSide","mean","Point-in-time snapshot; daily mean captures average load throughout the day.","none","Single coverage area; no cross-site aggregation needed."
"Number of Home Visits",NA,300,"Every 5 hours",1,"SevernSide","sum","Activity count per reporting interval; summing approximates daily total.","none","Single coverage area; no cross-site aggregation needed."
"Number of Treatment Centre Appointments",NA,300,"Every 5 hours",1,"SevernSide","sum","Activity count per reporting interval; summing approximates daily total.","none","Single coverage area; no cross-site aggregation needed."
"IUC Advice Longest Wait (HCP Call Back)",NA,300,"Every 5 hours",1,"SevernSide","max","Cumulative counter resetting at midnight; the last (max) value of the day equals the daily total.","none","Single coverage area; no cross-site aggregation needed."
"IUC Advice Longest Wait (1hr Call Back)",NA,300,"Every 5 hours",1,"SevernSide","max","Cumulative counter resetting at midnight; the last (max) value of the day equals the daily total.","none","Single coverage area; no cross-site aggregation needed."
"IUC Advice Longest Wait (2hr Call Back)",NA,300,"Every 5 hours",1,"SevernSide","max","Cumulative counter resetting at midnight; the last (max) value of the day equals the daily total.","none","Single coverage area; no cross-site aggregation needed."
"IUC Advice Longest Wait (6hr Call Back)",NA,300,"Every 5 hours",1,"SevernSide","max","Cumulative counter resetting at midnight; the last (max) value of the day equals the daily total.","none","Single coverage area; no cross-site aggregation needed."
"Clinical Escalation Level (BrisDoc)",NA,300,"Every 5 hours",1,"SevernSide","max","Cumulative counter resetting at midnight; the last (max) value of the day equals the daily total.","none","Single coverage area; no cross-site aggregation needed."
"DtA P1 Slots Booked",NA,1440,"Every day at 11h00",1,"Sirona","none","Already at daily granularity; no temporal aggregation needed.","none","Single coverage area; no cross-site aggregation needed."
"Delayed TOC Docs to all Pathways",NA,1440,"Every day at 11h00",1,"Sirona","none","Already at daily granularity; no temporal aggregation needed.","none","Single coverage area; no cross-site aggregation needed."
"DtA P3 Beds Occupied",NA,1440,"Every day at 11h00",1,"Sirona","none","Already at daily granularity; no temporal aggregation needed.","none","Single coverage area; no cross-site aggregation needed."
"Mason Section 136 Beds Available (Capacity 4)",NA,30,"Every 30 minutes",1,"AWP","mean","Point-in-time snapshot; daily mean captures average load throughout the day.","none","Single coverage area; no cross-site aggregation needed."
"Referrals Received Yesterday",NA,1440,"Every day at 7h00",1,"NHS @ Home","none","Already at daily granularity; no temporal aggregation needed.","none","Single coverage area; no cross-site aggregation needed."
"Capacity (Available Slots Today)",NA,1440,"Every day at 7h00",1,"NHS @ Home","none","Already at daily granularity; no temporal aggregation needed.","none","Single coverage area; no cross-site aggregation needed."
"Calls Offered in Last 15 mins","Calls hitting the service provider’s platform and receiving 'answer supervision'. Answer supervision can be provided by the service provider's platform by playing a welcome announcement or music.",15,"Every 15 minutes",1,"SevernSide","sum","Flow count over a rolling window; summing intervals gives the daily total.","none","Single coverage area; no cross-site aggregation needed."
"Calls Answered in Last 15 mins","Calls presented to an agent at the service provider.",15,"Every 15 minutes",1,"SevernSide","sum","Flow count over a rolling window; summing intervals gives the daily total.","none","Single coverage area; no cross-site aggregation needed."
"Calls Abandoned Before Threshold in Last 15 mins",NA,15,"Every 15 minutes",1,"SevernSide","sum","Flow count over a rolling window; summing intervals gives the daily total.","none","Single coverage area; no cross-site aggregation needed."
"Calls Abandoned After Threshold in Last 15 mins",NA,15,"Every 15 minutes",1,"SevernSide","sum","Flow count over a rolling window; summing intervals gives the daily total.","none","Single coverage area; no cross-site aggregation needed."
"Average Speed to Answer in Last 15 mins","How long it took to answer the call from the time the call received answer supervision from the service provider’s platform.",15,"Every 15 minutes",1,"SevernSide","sum","Flow count over a rolling window; summing intervals gives the daily total.","none","Single coverage area; no cross-site aggregation needed."
"Average Handling Time in Last 15 mins",NA,15,"Every 15 minutes",1,"SevernSide","sum","Flow count over a rolling window; summing intervals gives the daily total.","none","Single coverage area; no cross-site aggregation needed."
"Answered in 60 seconds in Last 15 mins",NA,15,"Every 15 minutes",1,"SevernSide","sum","Flow count over a rolling window; summing intervals gives the daily total.","none","Single coverage area; no cross-site aggregation needed."
"Longest Wait in Last 15 mins","Wait time for the call that had the longest wait until answered by an agent.",15,"Every 15 minutes",1,"SevernSide","max","Cumulative counter resetting at midnight; the last (max) value of the day equals the daily total.","none","Single coverage area; no cross-site aggregation needed."
"Calls Offered Since Midnight that Received","Calls hitting the service provider’s platform and receiving 'answer supervision'. Answer supervision can be provided by the service provider's platform by playing a welcome announcement or music.",15,"Every 15 minutes",1,"SevernSide","max","Cumulative counter resetting at midnight; the last (max) value of the day equals the daily total.","none","Single coverage area; no cross-site aggregation needed."
"Calls Answered Since Midnight that Received","Calls presented to an agent at the service provider.",15,"Every 15 minutes",1,"SevernSide","max","Cumulative counter resetting at midnight; the last (max) value of the day equals the daily total.","none","Single coverage area; no cross-site aggregation needed."
"Calls Abandoned Before Threshold Since Midnight that Received",NA,15,"Every 15 minutes",1,"SevernSide","max","Cumulative counter resetting at midnight; the last (max) value of the day equals the daily total.","none","Single coverage area; no cross-site aggregation needed."
"Calls Abandoned After Threshold Since Midnight that Received",NA,15,"Every 15 minutes",1,"SevernSide","max","Cumulative counter resetting at midnight; the last (max) value of the day equals the daily total.","none","Single coverage area; no cross-site aggregation needed."
"Average Speed to Answer Since Midnight that Received","How long it took to answer the call from the time the call received answer supervision from the service provider’s platform.",15,"Every 15 minutes",1,"SevernSide","max","Cumulative counter resetting at midnight; the last (max) value of the day equals the daily total.","none","Single coverage area; no cross-site aggregation needed."
"Average Handling Time Since Midnight that Received",NA,15,"Every 15 minutes",1,"SevernSide","max","Cumulative counter resetting at midnight; the last (max) value of the day equals the daily total.","none","Single coverage area; no cross-site aggregation needed."
"Answered in 60 seconds Since Midnight that Received",NA,15,"Every 15 minutes",1,"SevernSide","max","Cumulative counter resetting at midnight; the last (max) value of the day equals the daily total.","none","Single coverage area; no cross-site aggregation needed."
"Longest Wait Since Midnight that Received","Wait time for the call that had the longest wait until answered by an agent.",15,"Every 15 minutes",1,"SevernSide","max","Cumulative counter resetting at midnight; the last (max) value of the day equals the daily total.","none","Single coverage area; no cross-site aggregation needed."
"Calls Abandoned After Threshold in Last 15 mins (%)","(sum of call abandoned after threshold / sum of calls offered) * 100 rounded to 2 decimal points.",15,"Every 15 minutes",1,"SevernSide","sum","Flow count over a rolling window; summing intervals gives the daily total.","none","Single coverage area; no cross-site aggregation needed."
"Answered in 60 seconds in Last 15 mins (%)","(sum of calls answered in 60 secs / sum of calls answered) * 100 rounded to 2 decimal points.",15,"Every 15 minutes",1,"SevernSide","sum","Flow count over a rolling window; summing intervals gives the daily total.","none","Single coverage area; no cross-site aggregation needed."
"Calls Abandoned After Threshold Since Midnight that Received (%)","(sum of call abandoned after threshold / sum of calls offered) * 100 rounded to 2 decimal points.",15,"Every 15 minutes",1,"SevernSide","max","Cumulative counter resetting at midnight; the last (max) value of the day equals the daily total.","none","Single coverage area; no cross-site aggregation needed."
"Answered in 60 seconds Since Midnight that Received (%)","(sum of calls answered in 60 secs / sum of calls answered) * 100 rounded to 2 decimal points.",15,"Every 15 minutes",1,"SevernSide","max","Cumulative counter resetting at midnight; the last (max) value of the day equals the daily total.","none","Single coverage area; no cross-site aggregation needed."
"(Severnside) CAS Referred to ED",NA,1440,"Every day at 11h00",1,"SevernSide","none","Already at daily granularity; no temporal aggregation needed.","none","Single coverage area; no cross-site aggregation needed."
"BRI P3 NCtR Beddays","Sum of patient beddays on latest code, where NCtR code applied is DtA Pathway 3.",1440,"Every day at 9h00",1,"Sirona","none","Already at daily granularity; no temporal aggregation needed.","none","Single coverage area; no cross-site aggregation needed."
"NBT P1 NCtR Beddays","Sum of patient beddays on latest code, where NCtR code applied is DtA Pathway 1.",1440,"Every day at 23h00",1,"Sirona","none","Already at daily granularity; no temporal aggregation needed.","none","Single coverage area; no cross-site aggregation needed."
"WGH P3 NCtR Beddays","Sum of patient beddays on latest code, where NCtR code applied is DtA Pathway 3.",1440,"Every day at 9h00",1,"Sirona","none","Already at daily granularity; no temporal aggregation needed.","none","Single coverage area; no cross-site aggregation needed."
"BRI P2 NCtR Beddays","Sum of patient beddays on latest code, where NCtR code applied is DtA Pathway 2.",1440,"Every day at 9h00",1,"Sirona","none","Already at daily granularity; no temporal aggregation needed.","none","Single coverage area; no cross-site aggregation needed."
"P1 Slots Booked Today","Booked in to a DtA Pathway 1 slot due to be discharged from acute or P2 today.",1440,"Every day at 23h00",1,"Sirona","none","Already at daily granularity; no temporal aggregation needed.","none","Single coverage area; no cross-site aggregation needed."
"P1 Slots Used Yesterday","Discharged from acute or DtA Pathway 2 yesterday to DtA Pathway 1. Entered as a yesterday measure, because they were discharged yesterday.",1440,"Every day at 23h00",1,"Sirona","none","Already at daily granularity; no temporal aggregation needed.","none","Single coverage area; no cross-site aggregation needed."
"P1 (Available) Slots Not Utilised","Number of DtA Pathway 1 slots available today minus patients booked for P1 today.",1440,"Every day at 23h00",1,"Sirona","none","Already at daily granularity; no temporal aggregation needed.","none","Single coverage area; no cross-site aggregation needed."
"P2 Beds Occupied","Patients that are in the DtA Pathway 2 bed locations (Community, Rehab, Stroke). Snapshot at time of reporting.",1440,"Every day at 23h00",1,"Sirona","none","Already at daily granularity; no temporal aggregation needed.","none","Single coverage area; no cross-site aggregation needed."
"P2 (Available) Beds Not Utilised","Unoccupied DtA Pathway 2 beds that have the capacity to admit a patient today.",1440,"Every day at 23h00",1,"Sirona","none","Already at daily granularity; no temporal aggregation needed.","none","Single coverage area; no cross-site aggregation needed."
"P3 Beds Occupied","Patients that are in the P3 bed location (snapshot at time of reporting).",1440,"Every day at 23h00",1,"Sirona","none","Already at daily granularity; no temporal aggregation needed.","none","Single coverage area; no cross-site aggregation needed."
"P3 (Available) Beds Not Utilised","Unoccupied P3 beds that have the capacity to admit a patient today.",1440,"Every day at 23h00",1,"Sirona","none","Already at daily granularity; no temporal aggregation needed.","none","Single coverage area; no cross-site aggregation needed."
"P1 Acute Waiting List (Booked + Unbooked)","Sum of DtA Pathway 1 BOOKED waiting for capacity, medically fit and ready to leave ACUTE AND DtA Pathway 1 UN-BOOKED waiting for capacity, medically fit and ready to leave ACUTE.",1440,"Every day at 23h00",1,"Sirona","none","Already at daily granularity; no temporal aggregation needed.","none","Single coverage area; no cross-site aggregation needed."
"P1 Referrals Yesterday","All referrals received day before from acutes and navigated to DtA Pathway 1. Entered as a today measure, because they are received yesterday to go out today.",1440,"Every day at 23h00",1,"Sirona","none","Already at daily granularity; no temporal aggregation needed.","none","Single coverage area; no cross-site aggregation needed."
"P1 NCtR",NA,1440,"Every day at 23h00",1,"Sirona","none","Already at daily granularity; no temporal aggregation needed.","none","Single coverage area; no cross-site aggregation needed."
"P2 Acute Waiting List (Booked + Unbooked)","Sum of DtA Pathway 2 BOOKED Waiting for capacity, medically fit and ready to leave ACUTE AND DtA Pathway 2 UN-BOOKED Waiting for capacity, medically fit and ready to leave ACUTE.",1440,"Every day at 23h00",1,"Sirona","none","Already at daily granularity; no temporal aggregation needed.","none","Single coverage area; no cross-site aggregation needed."
"P2 Patients Predicted for Admission Today","Patients that have been assessed and accepted due to transfer from acute and be admitted to the DtA Pathway 2 bed location today.",1440,"Every day at 23h00",1,"Sirona","none","Already at daily granularity; no temporal aggregation needed.","none","Single coverage area; no cross-site aggregation needed."
"P3 Acute Waiting List (Booked + Unbooked)","Sum of DtA Pathway 3 BOOKED waiting for capacity, medically fit and ready to leave ACUTE AND DtA Pathway 3 UN-BOOKED waiting for capacity, medically fit and ready to leave ACUTE.",1440,"Every day at 23h00",1,"Sirona","none","Already at daily granularity; no temporal aggregation needed.","none","Single coverage area; no cross-site aggregation needed."
"P3 Referrals Yesterday","Discharged from acute yesterday and admitted to P3. Entered as a yesterday measure, because they were discharged yesterday.",1440,"Every day at 23h00",1,"Sirona","none","Already at daily granularity; no temporal aggregation needed.","none","Single coverage area; no cross-site aggregation needed."
"NBT NCtR Beddays","Count of days within current patient hospital spells where a patient is classified as having No Criteria to Reside.",1440,"Every day at 23h00",1,"Sirona","none","Already at daily granularity; no temporal aggregation needed.","none","Single coverage area; no cross-site aggregation needed."
"NBT NCtR Patients","All people at NBT who no longer meet the clinical criteria to reside for inpatient care in acute hospitals should be discharged home or to a non-acute setting as soon as it is possible and safe to do so.",1440,"Every day at 23h00",1,"Sirona","none","Already at daily granularity; no temporal aggregation needed.","none","Single coverage area; no cross-site aggregation needed."
"NBT P2 NCtR Beddays","Sum of patient beddays on latest code, where NCtR code applied is DtA Pathway 2.",1440,"Every day at 23h00",1,"Sirona","none","Already at daily granularity; no temporal aggregation needed.","none","Single coverage area; no cross-site aggregation needed."
"NBT P3 NCtR Beddays","Sum of patient beddays on latest code, where NCtR code applied is DtA Pathway 3.",1440,"Every day at 23h00",1,"Sirona","none","Already at daily granularity; no temporal aggregation needed.","none","Single coverage area; no cross-site aggregation needed."
"NBT P1 NCtR Patients","Patients coded to DtA Pathway 1 on the acute nCTR list at NBT, this code is applied following navigation informing the IDS.",1440,"Every day at 23h00",1,"Sirona","none","Already at daily granularity; no temporal aggregation needed.","none","Single coverage area; no cross-site aggregation needed."
"NBT P2 NCtR Patients","Patients coded to DtA Pathway 2 on the acute nCTR list at NBT, this code is applied following navigation informing the IDS.",1440,"Every day at 23h00",1,"Sirona","none","Already at daily granularity; no temporal aggregation needed.","none","Single coverage area; no cross-site aggregation needed."
"NBT P3 NCtR Patients","Patients coded to DtA Pathway 3 on the acute nCTR list at NBT, this code is applied following navigation informing the IDS.",1440,"Every day at 23h00",1,"Sirona","none","Already at daily granularity; no temporal aggregation needed.","none","Single coverage area; no cross-site aggregation needed."
"NBT NCtR >= 65 years old",NA,1440,"Every day at 23h00",1,"Sirona","none","Already at daily granularity; no temporal aggregation needed.","none","Single coverage area; no cross-site aggregation needed."
"P2 NCtR",NA,1440,"Every day at 23h00",1,"Sirona","none","Already at daily granularity; no temporal aggregation needed.","none","Single coverage area; no cross-site aggregation needed."
"Unallocated Red Nursing Schedules",NA,1440,"Every day at 23h00",1,"Sirona","none","Already at daily granularity; no temporal aggregation needed.","none","Single coverage area; no cross-site aggregation needed."
"Red Nursing schedules",NA,1440,"Every day at 23h00",1,"Sirona","none","Already at daily granularity; no temporal aggregation needed.","none","Single coverage area; no cross-site aggregation needed."
"BRI NCtR Beddays","Count of days within current patient hospital spells where a patient is classified as having No Criteria to Reside.",1440,"Every day at 9h00",1,"Sirona","none","Already at daily granularity; no temporal aggregation needed.","none","Single coverage area; no cross-site aggregation needed."
"BRI NCtR Patients","All people at BRI who no longer meet the clinical criteria to reside for inpatient care in acute hospitals should be discharged home or to a non-acute setting as soon as it is possible and safe to do so.",1440,"Every day at 9h00",1,"Sirona","none","Already at daily granularity; no temporal aggregation needed.","none","Single coverage area; no cross-site aggregation needed."
"BRI P1 NCtR Beddays","Sum of patient beddays on latest code, where NCtR code applied is DtA Pathway 1.",1440,"Every day at 9h00",1,"Sirona","none","Already at daily granularity; no temporal aggregation needed.","none","Single coverage area; no cross-site aggregation needed."
"BRI P1 NCtR Patients","Patients coded to DtA Pathway 1 on the acute nCTR list at BRI, this code is applied following navigation informing the IDS.",1440,"Every day at 9h00",1,"Sirona","none","Already at daily granularity; no temporal aggregation needed.","none","Single coverage area; no cross-site aggregation needed."
"BRI P2 NCtR Patients","Patients coded to DtA Pathway 2 on the acute nCTR list at BRI, this code is applied following navigation informing the IDS.",1440,"Every day at 9h00",1,"Sirona","none","Already at daily granularity; no temporal aggregation needed.","none","Single coverage area; no cross-site aggregation needed."
"BRI P3 NCtR Patients","Patients coded to DtA Pathway 3 on the acute nCTR list at BRI, this code is applied following navigation informing the IDS.",1440,"Every day at 9h00",1,"Sirona","none","Already at daily granularity; no temporal aggregation needed.","none","Single coverage area; no cross-site aggregation needed."
"BRI NCtR >= 65 years old",NA,1440,"Every day at 9h00",1,"Sirona","none","Already at daily granularity; no temporal aggregation needed.","none","Single coverage area; no cross-site aggregation needed."
"WGH NCtR Beddays","Count of days within current patient hospital spells where a patient is classified as having No Criteria to Reside.",1440,"Every day at 9h00",1,"Sirona","none","Already at daily granularity; no temporal aggregation needed.","none","Single coverage area; no cross-site aggregation needed."
"WGH NCtR Patients","All people at WGH who no longer meet the clinical criteria to reside for inpatient care in acute hospitals should be discharged home or to a non-acute setting as soon as it is possible and safe to do so.",1440,"Every day at 9h00",1,"Sirona","none","Already at daily granularity; no temporal aggregation needed.","none","Single coverage area; no cross-site aggregation needed."
"WGH P1 NCtR Beddays","Sum of patient beddays on latest code, where NCtR code applied is DtA Pathway 1.",1440,"Every day at 9h00",1,"Sirona","none","Already at daily granularity; no temporal aggregation needed.","none","Single coverage area; no cross-site aggregation needed."
"WGH P2 NCtR Beddays","Sum of patient beddays on latest code, where NCtR code applied is DtA Pathway 2.",1440,"Every day at 9h00",1,"Sirona","none","Already at daily granularity; no temporal aggregation needed.","none","Single coverage area; no cross-site aggregation needed."
"WGH P1 NCtR Patients","Patients coded to DtA Pathway 1 on the acute nCTR list at WGH, this code is applied following navigation informing the IDS.",1440,"Every day at 9h00",1,"Sirona","none","Already at daily granularity; no temporal aggregation needed.","none","Single coverage area; no cross-site aggregation needed."
"WGH P2 NCtR Patients","Patients coded to DtA Pathway 2 on the acute nCTR list at WGH, this code is applied following navigation informing the IDS.",1440,"Every day at 9h00",1,"Sirona","none","Already at daily granularity; no temporal aggregation needed.","none","Single coverage area; no cross-site aggregation needed."
"WGH P3 NCtR Patients","Patients coded to DtA Pathway 3 on the acute nCTR list at WGH, this code is applied following navigation informing the IDS.",1440,"Every day at 9h00",1,"Sirona","none","Already at daily granularity; no temporal aggregation needed.","none","Single coverage area; no cross-site aggregation needed."
"WGH NCtR >= 65 years old",NA,1440,"Every day at 9h00",1,"Sirona","none","Already at daily granularity; no temporal aggregation needed.","none","Single coverage area; no cross-site aggregation needed."
"DOS Status at 10am",NA,1440,"Every day at 23h00",1,"Sirona","none","Already at daily granularity; no temporal aggregation needed.","none","Single coverage area; no cross-site aggregation needed."
"P1 Caseload","DtA Pathway 1 Caseload refers to those who are having therapy and/or rehab support worker (RSW) visits for an urgent rehabilitation need. This includes people who have NCtR and continue to be supported by RSWs.",1440,"Every day at 23h00",1,"Sirona","none","Already at daily granularity; no temporal aggregation needed.","none","Single coverage area; no cross-site aggregation needed."
"P2 Referrals Yesterday","Number of referrals accepted onto DtA Pathway 2 waiting list for people that are medically fit and able to leave the ACUTE setting and do NOT have a bed secured in a P2 unit.",1440,"Every day at 23h00",1,"Sirona","none","Already at daily granularity; no temporal aggregation needed.","none","Single coverage area; no cross-site aggregation needed."
"P2 Admissions Yesterday","Discharged from acute yesterday and admitted to DtA Pathway 2. Entered as a yesterday measure, because they were discharged yesterday.",1440,"Every day at 23h00",1,"Sirona","none","Already at daily granularity; no temporal aggregation needed.","none","Single coverage area; no cross-site aggregation needed."
"P3 Admissions Yesterday","Discharged from acute yesterday and admitted to DtA Pathway 3. Entered as a yesterday measure, because they were discharged yesterday.",1440,"Every day at 23h00",1,"Sirona","none","Already at daily granularity; no temporal aggregation needed.","none","Single coverage area; no cross-site aggregation needed."
"Unallocated Red Nursing Schedules (%)",NA,1440,"Every day at 23h00",1,"Sirona","none","Already at daily granularity; no temporal aggregation needed.","none","Single coverage area; no cross-site aggregation needed."
"Automated OPEL",NA,15,"Every 15 minutes",3,"BRI, WGH, NBT","max","Cumulative counter resetting at midnight; the last (max) value of the day equals the daily total.","max","Escalation score; system-wide pressure is defined by the most stressed site."
"2. ED all-type 4-hour performance",NA,15,"Every 15 minutes",3,"BRI, WGH, NBT","mean","Rate or percentage; daily mean reflects average performance over the day.","mean","Rate, average, or percentage; mean across sites approximates the system-wide value (weighted mean preferred if volumes available)."
"4. Majors and resuscitation occupancy (adult)",NA,15,"Every 15 minutes",3,"BRI, WGH, NBT","mean","Point-in-time snapshot; daily mean captures average load throughout the day.","mean","Rate, average, or percentage; mean across sites approximates the system-wide value (weighted mean preferred if volumes available)."
"6. % of patients spending >12 hours in ED",NA,15,"Every 15 minutes",3,"BRI, WGH, NBT","mean","Rate or percentage; daily mean reflects average performance over the day.","mean","Rate, average, or percentage; mean across sites approximates the system-wide value (weighted mean preferred if volumes available)."
"9. % of beds occupied by patients with NCtR",NA,15,"Every 15 minutes",3,"BRI, WGH, NBT","mean","Rate or percentage; daily mean reflects average performance over the day.","mean","Rate, average, or percentage; mean across sites approximates the system-wide value (weighted mean preferred if volumes available)."
"Aggregated NHSE OPEL Score",NA,15,"Every 15 minutes",3,"BRI, WGH, NBT","max","Cumulative counter resetting at midnight; the last (max) value of the day equals the daily total.","max","Escalation score; system-wide pressure is defined by the most stressed site."
"WGH P0 Discharges","Number of P0 discharges completed yesterday.",15,"Every 15 minutes",1,"Sirona","sum","Discharge count per interval; summing gives the daily total.","none","Single coverage area; no cross-site aggregation needed."
"WGH Complex Discharges","Number of complex discharges completed yesterday.",15,"Every 15 minutes",1,"Sirona","sum","Discharge count per interval; summing gives the daily total.","none","Single coverage area; no cross-site aggregation needed."
"BRI P0 Discharges","Number of P0 discharges completed yesterday.",15,"Every 15 minutes",1,"Sirona","sum","Discharge count per interval; summing gives the daily total.","none","Single coverage area; no cross-site aggregation needed."
"BRI Complex Discharges","Number of complex discharges completed yesterday.",15,"Every 15 minutes",1,"Sirona","sum","Discharge count per interval; summing gives the daily total.","none","Single coverage area; no cross-site aggregation needed."
"5. Median time to treatment since midnight",NA,1440,"Every day at 7h00",3,"NBT, BRI, WGH","none","Already at daily granularity; no temporal aggregation needed.","mean","Rate, average, or percentage; mean across sites approximates the system-wide value (weighted mean preferred if volumes available)."
"NBT P0 Discharges","Number of P0 discharges completed yesterday.",1440,"Every day at 7h00",1,"Sirona","none","Already at daily granularity; no temporal aggregation needed.","none","Single coverage area; no cross-site aggregation needed."
"NBT Complex Discharges","Number of complex discharges completed yesterday.",1440,"Every day at 7h00",1,"Sirona","none","Already at daily granularity; no temporal aggregation needed.","none","Single coverage area; no cross-site aggregation needed."
"3. ED all-type attendance variation",NA,15,"Every 15 minutes",2,"BRI, WGH","mean","Point-in-time or rate metric; daily mean summarises typical intra-day values.","sum","Count or volume metric; summing across sites gives the system-wide total."
"8. % of open beds that are escalation beds",NA,15,"Every 15 minutes",2,"BRI, WGH","mean","Rate or percentage; daily mean reflects average performance over the day.","max","Escalation score; system-wide pressure is defined by the most stressed site."
"Intensive Caseload",NA,1440,"Every day at 7h00",1,"AWP","none","Already at daily granularity; no temporal aggregation needed.","none","Single coverage area; no cross-site aggregation needed."
"Bed Occupancy Adult",NA,1440,"Every day at 7h00",1,"AWP","none","Already at daily granularity; no temporal aggregation needed.","none","Single coverage area; no cross-site aggregation needed."
"Bed Occupancy PICU",NA,1440,"Every day at 7h00",1,"AWP","none","Already at daily granularity; no temporal aggregation needed.","none","Single coverage area; no cross-site aggregation needed."
"Urgent Referrals",NA,1440,"Every day at 7h00",1,"AWP","none","Already at daily granularity; no temporal aggregation needed.","none","Single coverage area; no cross-site aggregation needed."
"OOT Internal Placements",NA,1440,"Every day at 7h00",1,"AWP","none","Already at daily granularity; no temporal aggregation needed.","none","Single coverage area; no cross-site aggregation needed."
